{"cameraMode":{"drawMode":0,"name":"Shaded","section":"Shading Mode"},"sceneLighting":true,"audioPlay":false,"sceneViewState":{"showFog":false,"showMaterialUpdate":false,"showSkybox":false,"showFlares":false,"showImageEffects":false,"showParticleSystems":false},"in2DMode":false,"pivot":{"x":223.10000610351563,"y":97.78475952148438,"z":210.56076049804688},"rotation":{"x":0.2386123239994049,"y":-0.7506890892982483,"z":0.35653263330459597,"w":0.5024088025093079},"size":26.316165924072267,"orthographic":true}