{"cameraMode":{"drawMode":0,"name":"Shaded","section":"Shading Mode"},"sceneLighting":false,"audioPlay":false,"sceneViewState":{"showFog":false,"showMaterialUpdate":false,"showSkybox":false,"showFlares":false,"showImageEffects":false,"showParticleSystems":false},"in2DMode":false,"pivot":{"x":-0.7562740445137024,"y":2.659899950027466,"z":-5.860960483551025},"rotation":{"x":0.012154195457696915,"y":-0.9756070375442505,"z":0.21192368865013123,"w":0.05596102029085159},"size":0.013915603049099446,"orthographic":true}