{"cameraMode":{"drawMode":0,"name":"Shaded","section":"Shading Mode"},"sceneLighting":true,"audioPlay":false,"sceneViewState":{"showFog":false,"showMaterialUpdate":false,"showSkybox":false,"showFlares":false,"showImageEffects":false,"showParticleSystems":false},"in2DMode":false,"pivot":{"x":244.60000610351563,"y":113.61951446533203,"z":217.89599609375},"rotation":{"x":0.018596338108181955,"y":-0.9637632966041565,"z":0.25679314136505129,"w":0.0697985291481018},"size":11.948892593383789,"orthographic":true}