{"cameraMode":{"drawMode":0,"name":"Shaded","section":"Shading Mode"},"sceneLighting":false,"audioPlay":false,"sceneViewState":{"showFog":false,"showMaterialUpdate":false,"showSkybox":false,"showFlares":false,"showImageEffects":false,"showParticleSystems":false},"in2DMode":false,"pivot":{"x":-0.23999997973442079,"y":-4.085244178771973,"z":4.970752716064453},"rotation":{"x":0.4358571767807007,"y":-0.5308138728141785,"z":0.3697335124015808,"w":0.6257493495941162},"size":4.0309953689575199,"orthographic":true}