{"cameraMode":{"drawMode":0,"name":"Shaded","section":"Shading Mode"},"sceneLighting":true,"audioPlay":false,"sceneViewState":{"showFog":false,"showMaterialUpdate":false,"showSkybox":false,"showFlares":false,"showImageEffects":false,"showParticleSystems":false},"in2DMode":false,"pivot":{"x":255.04000854492188,"y":115.78951263427735,"z":217.89599609375},"rotation":{"x":-0.013106402941048146,"y":-0.9604029059410095,"z":0.2745041847229004,"w":-0.045848406851291659},"size":19.784881591796876,"orthographic":true}