{"cameraMode":{"drawMode":0,"name":"Shaded","section":"Shading Mode"},"sceneLighting":false,"audioPlay":false,"sceneViewState":{"showFog":true,"showMaterialUpdate":false,"showSkybox":true,"showFlares":true,"showImageEffects":true,"showParticleSystems":true},"in2DMode":false,"pivot":{"x":11.009994506835938,"y":14.03999137878418,"z":7.335239410400391},"rotation":{"x":-0.13544631004333497,"y":0.022290753200650216,"z":-0.0030480297282338144,"w":-0.9905292391777039},"size":85.73654174804688,"orthographic":false}