{"cameraMode":{"drawMode":0,"name":"Shaded","section":"Shading Mode"},"sceneLighting":false,"audioPlay":false,"sceneViewState":{"showFog":true,"showMaterialUpdate":false,"showSkybox":true,"showFlares":true,"showImageEffects":true,"showParticleSystems":true},"in2DMode":false,"pivot":{"x":-4.307999610900879,"y":0.7912864685058594,"z":-4.1269989013671879},"rotation":{"x":-0.6660614609718323,"y":0.10936983674764633,"z":-0.09964356571435929,"w":-0.731075644493103},"size":200.05186462402345,"orthographic":false}