{"cameraMode":{"drawMode":0,"name":"Shaded","section":"Shading Mode"},"sceneLighting":false,"audioPlay":false,"sceneViewState":{"showFog":true,"showMaterialUpdate":false,"showSkybox":true,"showFlares":true,"showImageEffects":true,"showParticleSystems":true},"in2DMode":false,"pivot":{"x":0.1895420402288437,"y":1.2476298809051514,"z":-0.7111396789550781},"rotation":{"x":-0.3571603000164032,"y":-0.02801498770713806,"z":0.010718066245317459,"w":-0.933561384677887},"size":4.637903690338135,"orthographic":false}