{"cameraMode":{"drawMode":0,"name":"Shaded","section":"Shading Mode"},"sceneLighting":false,"audioPlay":false,"sceneViewState":{"showFog":true,"showMaterialUpdate":false,"showSkybox":true,"showFlares":true,"showImageEffects":true,"showParticleSystems":true},"in2DMode":false,"pivot":{"x":-0.7562740445137024,"y":2.659899950027466,"z":-5.860960483551025},"rotation":{"x":-0.13544631004333497,"y":0.022290753200650216,"z":-0.0030480297282338144,"w":-0.9905292391777039},"size":0.3739127218723297,"orthographic":false}