{"cameraMode":{"drawMode":0,"name":"Shaded","section":"Shading Mode"},"sceneLighting":false,"audioPlay":false,"sceneViewState":{"showFog":true,"showMaterialUpdate":false,"showSkybox":true,"showFlares":true,"showImageEffects":true,"showParticleSystems":true},"in2DMode":false,"pivot":{"x":-4.5581746101379398,"y":0.8262686729431152,"z":-4.531435966491699},"rotation":{"x":-0.0038820654153823854,"y":0.08987781405448914,"z":-0.00035028785350732505,"w":-0.9959452152252197},"size":1.654594898223877,"orthographic":false}