{"cameraMode":{"drawMode":0,"name":"Shaded","section":"Shading Mode"},"sceneLighting":false,"audioPlay":false,"sceneViewState":{"showFog":true,"showMaterialUpdate":false,"showSkybox":true,"showFlares":true,"showImageEffects":true,"showParticleSystems":true},"in2DMode":false,"pivot":{"x":-0.7562740445137024,"y":2.659899950027466,"z":-5.860960483551025},"rotation":{"x":-0.3487742841243744,"y":-0.4631251394748688,"z":0.2048216313123703,"w":-0.7886189222335815},"size":0.34788694977760317,"orthographic":false}