{"cameraMode":{"drawMode":0,"name":"Shaded","section":"Shading Mode"},"sceneLighting":false,"audioPlay":false,"sceneViewState":{"showFog":true,"showMaterialUpdate":false,"showSkybox":true,"showFlares":true,"showImageEffects":true,"showParticleSystems":true},"in2DMode":false,"pivot":{"x":236.79473876953126,"y":116.4850845336914,"z":234.27493286132813},"rotation":{"x":-0.5288984775543213,"y":0.35489022731781008,"z":-0.2584289610385895,"w":-0.7263153195381165},"size":13.094101905822754,"orthographic":false}