{"cameraMode":{"drawMode":0,"name":"Shaded","section":"Shading Mode"},"sceneLighting":false,"audioPlay":false,"sceneViewState":{"showFog":true,"showMaterialUpdate":false,"showSkybox":true,"showFlares":true,"showImageEffects":true,"showParticleSystems":true},"in2DMode":false,"pivot":{"x":2.7653980255126955,"y":3.499542236328125,"z":-8.92721176147461},"rotation":{"x":-0.17560705542564393,"y":0.2988946735858917,"z":-0.05605814978480339,"w":-0.9363128542900086},"size":-2.401662826538086,"orthographic":false}