{"cameraMode":{"drawMode":0,"name":"Shaded","section":"Shading Mode"},"sceneLighting":false,"audioPlay":false,"sceneViewState":{"showFog":true,"showMaterialUpdate":false,"showSkybox":true,"showFlares":true,"showImageEffects":true,"showParticleSystems":true},"in2DMode":false,"pivot":{"x":1.6461105346679688,"y":12.995796203613282,"z":0.7683925628662109},"rotation":{"x":-0.10988063365221024,"y":-0.5399789810180664,"z":0.07136372476816178,"w":-0.8314182162284851},"size":38.050209045410159,"orthographic":false}