{"cameraMode":{"drawMode":0,"name":"Shaded","section":"Shading Mode"},"sceneLighting":false,"audioPlay":false,"sceneViewState":{"showFog":true,"showMaterialUpdate":false,"showSkybox":true,"showFlares":true,"showImageEffects":true,"showParticleSystems":true},"in2DMode":false,"pivot":{"x":249.60491943359376,"y":112.0828628540039,"z":245.04835510253907},"rotation":{"x":-0.2884623110294342,"y":-0.15001016855239869,"z":0.04581225663423538,"w":-0.9445569515228272},"size":4.744861125946045,"orthographic":false}