{"cameraMode":{"drawMode":0,"name":"Shaded","section":"Shading Mode"},"sceneLighting":true,"audioPlay":false,"sceneViewState":{"showFog":true,"showMaterialUpdate":false,"showSkybox":true,"showFlares":true,"showImageEffects":true,"showParticleSystems":true},"in2DMode":false,"pivot":{"x":306.1573486328125,"y":106.26908874511719,"z":278.927978515625},"rotation":{"x":-0.5288984775543213,"y":0.35489022731781008,"z":-0.2584289610385895,"w":-0.7263153195381165},"size":152.38702392578126,"orthographic":false}