{"cameraMode":{"drawMode":0,"name":"Shaded","section":"Shading Mode"},"sceneLighting":false,"audioPlay":false,"sceneViewState":{"showFog":true,"showMaterialUpdate":false,"showSkybox":true,"showFlares":true,"showImageEffects":true,"showParticleSystems":true},"in2DMode":false,"pivot":{"x":10.931802749633789,"y":14.41554069519043,"z":8.962973594665528},"rotation":{"x":-0.5300998091697693,"y":0.02034621313214302,"z":-0.012724832631647587,"w":-0.8475956320762634},"size":5.823423385620117,"orthographic":false}