{"cameraMode":{"drawMode":0,"name":"Shaded","section":"Shading Mode"},"sceneLighting":true,"audioPlay":false,"sceneViewState":{"showFog":true,"showMaterialUpdate":false,"showSkybox":true,"showFlares":true,"showImageEffects":true,"showParticleSystems":true},"in2DMode":false,"pivot":{"x":191.5,"y":110.10304260253906,"z":192.96075439453126},"rotation":{"x":0.41781479120254519,"y":-0.09349142760038376,"z":0.04327419027686119,"w":0.9026724696159363},"size":16.27695655822754,"orthographic":true}