{"cameraMode":{"drawMode":0,"name":"Shaded","section":"Shading Mode"},"sceneLighting":false,"audioPlay":false,"sceneViewState":{"showFog":true,"showMaterialUpdate":false,"showSkybox":true,"showFlares":true,"showImageEffects":true,"showParticleSystems":true},"in2DMode":false,"pivot":{"x":-4.307999610900879,"y":0.7912864685058594,"z":-4.1269989013671879},"rotation":{"x":-0.002606326946988702,"y":0.9957696199417114,"z":-0.08685125410556793,"w":-0.029882021248340608},"size":2.049863576889038,"orthographic":true}