{"cameraMode":{"drawMode":0,"name":"Shaded","section":"Shading Mode"},"sceneLighting":false,"audioPlay":false,"sceneViewState":{"showFog":true,"showMaterialUpdate":false,"showSkybox":true,"showFlares":true,"showImageEffects":true,"showParticleSystems":true},"in2DMode":false,"pivot":{"x":11.009994506835938,"y":14.03999137878418,"z":7.335239410400391},"rotation":{"x":-0.0691327452659607,"y":0.9206051230430603,"z":-0.19075071811676026,"w":-0.33364808559417727},"size":57.15768814086914,"orthographic":false}