{"cameraMode":{"drawMode":0,"name":"Shaded","section":"Shading Mode"},"sceneLighting":false,"audioPlay":false,"sceneViewState":{"showFog":true,"showMaterialUpdate":false,"showSkybox":true,"showFlares":true,"showImageEffects":true,"showParticleSystems":true},"in2DMode":false,"pivot":{"x":-0.09023715555667877,"y":-0.08943817764520645,"z":0.3162553310394287},"rotation":{"x":-0.12564128637313844,"y":0.8593648672103882,"z":-0.25346386432647707,"w":-0.4259840250015259},"size":5825.75,"orthographic":false}