{"cameraMode":{"drawMode":0,"name":"Shaded","section":"Shading Mode"},"sceneLighting":false,"audioPlay":false,"sceneViewState":{"showFog":true,"showMaterialUpdate":false,"showSkybox":true,"showFlares":true,"showImageEffects":true,"showParticleSystems":true},"in2DMode":false,"pivot":{"x":-0.7562741041183472,"y":2.659899950027466,"z":-5.860960483551025},"rotation":{"x":0.11445493996143341,"y":-0.13664567470550538,"z":0.01589648239314556,"w":0.9838573932647705},"size":3.4788684844970705,"orthographic":false}