{"cameraMode":{"drawMode":0,"name":"Shaded","section":"Shading Mode"},"sceneLighting":true,"audioPlay":false,"sceneViewState":{"showFog":true,"showMaterialUpdate":false,"showSkybox":true,"showFlares":true,"showImageEffects":true,"showParticleSystems":true},"in2DMode":false,"pivot":{"x":196.69833374023438,"y":115.14009094238281,"z":238.80319213867188},"rotation":{"x":0.11445493996143341,"y":-0.13664567470550538,"z":0.01589648239314556,"w":0.9838573932647705},"size":25.93169403076172,"orthographic":false}