{"cameraMode":{"drawMode":0,"name":"Shaded","section":"Shading Mode"},"sceneLighting":false,"audioPlay":false,"sceneViewState":{"showFog":true,"showMaterialUpdate":false,"showSkybox":true,"showFlares":true,"showImageEffects":true,"showParticleSystems":true},"in2DMode":false,"pivot":{"x":228.5643768310547,"y":111.07876586914063,"z":244.7803192138672},"rotation":{"x":0.06321650743484497,"y":0.9274805784225464,"z":-0.31956204771995547,"w":0.18347643315792085},"size":38.92216873168945,"orthographic":false}