{"cameraMode":{"drawMode":0,"name":"Shaded","section":"Shading Mode"},"sceneLighting":false,"audioPlay":false,"sceneViewState":{"showFog":true,"showMaterialUpdate":false,"showSkybox":true,"showFlares":true,"showImageEffects":true,"showParticleSystems":true},"in2DMode":false,"pivot":{"x":-4.089483737945557,"y":0.9977385997772217,"z":-4.978504657745361},"rotation":{"x":-0.17577780783176423,"y":0.35066142678260805,"z":-0.06718821078538895,"w":-0.9174009561538696},"size":1.782069206237793,"orthographic":false}