{"cameraMode":{"drawMode":0,"name":"Shaded","section":"Shading Mode"},"sceneLighting":false,"audioPlay":false,"sceneViewState":{"showFog":true,"showMaterialUpdate":false,"showSkybox":true,"showFlares":true,"showImageEffects":true,"showParticleSystems":true},"in2DMode":false,"pivot":{"x":-4.64608097076416,"y":0.6910408735275269,"z":-3.8431053161621095},"rotation":{"x":-0.11912037432193756,"y":0.8436058163642883,"z":-0.20940612256526948,"w":-0.4798840582370758},"size":71.67359161376953,"orthographic":false}